[
  {
    "model": "artist_card.artist",
    "pk": 1,
    "fields": {
      "user": 1,
      "name": "Imagine Dragons",
      "bio": "American pop rock band from Las Vegas, Nevada."
    }
  },
  {
    "model": "artist_card.artist",
    "pk": 2,
    "fields": {
      "user": 2,
      "name": "Adele",
      "bio": "English singer-songwriter known for her soulful voice and emotional ballads."
    }
  },
  {
    "model": "artist_card.artist",
    "pk": 3,
    "fields": {
      "user": 3,
      "name": "Ed Sheeran",
      "bio": "English singer-songwriter and guitarist."
    }
  },
  {
    "model": "artist_card.artist",
    "pk": 4,
    "fields": {
      "user": 4,
      "name": "Taylor Swift",
      "bio": "American singer-songwriter known for her narrative songwriting and catchy pop hooks."
    }
  },
  {
    "model": "artist_card.artist",
    "pk": 5,
    "fields": {
      "user": 5,
      "name": "Bruno Mars",
      "bio": "American singer-songwriter, multi-instrumentalist, and record producer."
    }
  },
  {
    "model": "artist_card.artist",
    "pk": 6,
    "fields": {
      "user": 6,
      "name": "Beyonce",
      "bio": "American singer, songwriter, and actress known for her powerful vocals and dynamic stage presence."
    }
  },
  {
    "model": "artist_card.artist",
    "pk": 7,
    "fields": {
      "user": 7,
      "name": "Justin Bieber",
      "bio": "Canadian singer-songwriter known for his pop and R&B hits."
    }
  },
  {
    "model": "artist_card.artist",
    "pk": 8,
    "fields": {
      "user": 8,
      "name": "Drake",
      "bio": "Canadian rapper, singer, and songwriter known for his smooth flow and introspective lyrics."
    }
  },
  {
    "model": "artist_card.artist",
    "pk": 9,
    "fields": {
      "user": 9,
      "name": "Rihanna",
      "bio": "Barbadian singer, actress, and businesswoman known for her hit songs and fashion sense."
    }
  },
  {
    "model": "artist_card.artist",
    "pk": 10,
    "fields": {
      "user": 10,
      "name": "Kanye West",
      "bio": "American rapper, singer, songwriter, and record producer known for his experimental approach to hip-hop."
    }
  },
  {
    "model": "artist_card.release",
    "pk": 1,
    "fields": {
      "title": "Night Visions",
      "artist": 1,
      "image": "https://upload.wikimedia.org/wikipedia/ru/3/3f/Night_Visions_Album_Cover.jpeg",
      "release_date": "2012-09-04",
      "type": "album"
    }
  },
  {
    "model": "artist_card.release",
    "pk": 2,
    "fields": {
      "title": "25",
      "artist": 2,
      "image": "https://upload.wikimedia.org/wikipedia/ru/a/aa/Adele_25.jpg",
      "release_date": "2015-11-25",
      "type": "album"
    }
  },
  {
    "model": "artist_card.release",
    "pk": 3,
    "fields": {
      "title": "Evolve",
      "artist": 1,
      "image": "https://upload.wikimedia.org/wikipedia/ru/7/7d/Imagine_Dragons_Evolve_Cover.jpg",
      "release_date": "2017-06-23",
      "type": "album"
    }
  },
  {
    "model": "artist_card.song",
    "pk": 1,
    "fields": {
      "title": "Radioactive",
      "artist": 1,
      "release": 1,
      "duration": "00:03:06",
      "track_number": 1
    }
  },
  {
    "model": "artist_card.song",
    "pk": 2,
    "fields": {
      "title": "Tiptoe",
      "artist": 1,
      "release": 1,
      "duration": "00:03:14",
      "track_number": 2
    }
  },
  {
    "model": "artist_card.song",
    "pk": 3,
    "fields": {
      "title": "It's Time",
      "artist": 1,
      "release": 1,
      "duration": "00:04:00",
      "track_number": 3
    }
  },
  {
    "model": "artist_card.song",
    "pk": 4,
    "fields": {
      "title": "Demons",
      "artist": 1,
      "release": 1,
      "duration": "00:02:57",
      "track_number": 4
    }
  },
  {
    "model": "artist_card.song",
    "pk": 5,
    "fields": {
      "title": "On Top of the World",
      "artist": 1,
      "release": 1,
      "duration": "00:03:12",
      "track_number": 5
    }
  },
  {
    "model": "artist_card.song",
    "pk": 6,
    "fields": {
      "title": "Amsterdam",
      "artist": 1,
      "release": 1,
      "duration": "00:04:01",
      "track_number": 6
    }
  },
  {
    "model": "artist_card.song",
    "pk": 7,
    "fields": {
      "title": "Hear Me",
      "artist": 1,
      "release": 1,
      "duration": "00:03:55",
      "track_number": 7
    }
  },
  {
    "model": "artist_card.song",
    "pk": 8,
    "fields": {
      "title": "Every Night",
      "artist": 1,
      "release": 1,
      "duration": "00:03:37",
      "track_number": 8
    }
  },
  {
    "model": "artist_card.song",
    "pk": 9,
    "fields": {
      "title": "Bleeding Out",
      "artist": 1,
      "release": 1,
      "duration": "00:03:43",
      "track_number": 9
    }
  },
  {
    "model": "artist_card.song",
    "pk": 10,
    "fields": {
      "title": "Underdog",
      "artist": 1,
      "release": 1,
      "duration": "00:03:29",
      "track_number": 10
    }
  },
  {
    "model": "artist_card.song",
    "pk": 11,
    "fields": {
      "title": "Nothing Left To Say / Rocks - Medley",
      "artist": 1,
      "release": 1,
      "duration": "00:08:57",
      "track_number": 11
    }
  },
  {
    "model": "artist_card.song",
    "pk": 12,
    "fields": {
      "title": "Cha-Ching (Till We Grow Older)",
      "artist": 1,
      "release": 1,
      "duration": "00:04:09",
      "track_number": 12
    }
  },
  {
    "model": "artist_card.song",
    "pk": 13,
    "fields": {
      "title": "Working Man",
      "artist": 1,
      "release": 1,
      "duration": "00:03:53",
      "track_number": 13
    }
  },
  {
    "model": "artist_card.song",
    "pk": 14,
    "fields": {
      "title": "Tokyo",
      "artist": 1,
      "release": 1,
      "duration": "00:03:15",
      "track_number": 14
    }
  },
  {
    "model": "artist_card.song",
    "pk": 15,
    "fields": {
      "title": "Hello",
      "artist": 2,
      "release": 2,
      "duration": "00:04:55",
      "track_number": 1
    }
  },
  {
    "model": "artist_card.song",
    "pk": 16,
    "fields": {
      "title": "Send My Love (To Your New Lover)",
      "artist": 2,
      "release": 2,
      "duration": "00:03:43",
      "track_number": 2
    }
  },
  {
    "model": "artist_card.song",
    "pk": 17,
    "fields": {
      "title": "I Miss You",
      "artist": 2,
      "release": 2,
      "duration": "00:05:49",
      "track_number": 3
    }
  },
  {
    "model": "artist_card.song",
    "pk": 18,
    "fields": {
      "title": "When We Were Young",
      "artist": 2,
      "release": 2,
      "duration": "00:04:50",
      "track_number": 4
    }
  },
  {
    "model": "artist_card.song",
    "pk": 19,
    "fields": {
      "title": "Remedy",
      "artist": 2,
      "release": 2,
      "duration": "00:04:05",
      "track_number": 5
    }
  },
  {
    "model": "artist_card.song",
    "pk": 20,
    "fields": {
      "title": "Water Under the Bridge",
      "artist": 2,
      "release": 2,
      "duration": "00:04:00",
      "track_number": 6
    }
  },
  {
    "model": "artist_card.song",
    "pk": 21,
    "fields": {
      "title": "River Lea",
      "artist": 2,
      "release": 2,
      "duration": "00:03:45",
      "track_number": 7
    }
  },
  {
    "model": "artist_card.song",
    "pk": 22,
    "fields": {
      "title": "Love in the Dark",
      "artist": 2,
      "release": 2,
      "duration": "00:04:45",
      "track_number": 8
    }
  },
  {
    "model": "artist_card.song",
    "pk": 23,
    "fields": {
      "title": "Million Years Ago",
      "artist": 2,
      "release": 2,
      "duration": "00:03:47",
      "track_number": 9
    }
  },
  {
    "model": "artist_card.song",
    "pk": 24,
    "fields": {
      "title": "All I Ask",
      "artist": 2,
      "release": 2,
      "duration": "00:04:31",
      "track_number": 10
    }
  },
  {
    "model": "artist_card.song",
    "pk": 25,
    "fields": {
      "title": "Sweetest Devotion",
      "artist": 2,
      "release": 2,
      "duration": "00:04:11",
      "track_number": 11
    }
  },
  {
    "model": "artist_card.song",
    "pk": 26,
    "fields": {
      "title": "Next To Me",
      "artist": 1,
      "release": 3,
      "duration": "00:03:50",
      "track_number": 1
    }
  },
  {
    "model": "artist_card.song",
    "pk": 27,
    "fields": {
      "title": "I Don't Know Why",
      "artist": 1,
      "release": 3,
      "duration": "00:03:10",
      "track_number": 2
    }
  },
  {
    "model": "artist_card.song",
    "pk": 28,
    "fields": {
      "title": "Whatever It Takes",
      "artist": 1,
      "release": 3,
      "duration": "00:03:21",
      "track_number": 3
    }
  },
  {
    "model": "artist_card.song",
    "pk": 29,
    "fields": {
      "title": "Believer",
      "artist": 1,
      "release": 3,
      "duration": "00:03:23",
      "track_number": 4
    }
  },
  {
    "model": "artist_card.song",
    "pk": 30,
    "fields": {
      "title": "Walking The Wire",
      "artist": 1,
      "release": 3,
      "duration": "00:03:52",
      "track_number": 5
    }
  },
  {
    "model": "artist_card.song",
    "pk": 31,
    "fields": {
      "title": "Rise Up",
      "artist": 1,
      "release": 3,
      "duration": "00:03:52",
      "track_number": 6
    }
  },
  {
    "model": "artist_card.song",
    "pk": 32,
    "fields": {
      "title": "I'll Make It Up To You",
      "artist": 1,
      "release": 3,
      "duration": "00:04:22",
      "track_number": 7
    }
  },
  {
    "model": "artist_card.song",
    "pk": 33,
    "fields": {
      "title": "Yesterday",
      "artist": 1,
      "release": 3,
      "duration": "00:03:25",
      "track_number": 8
    }
  },
  {
    "model": "artist_card.song",
    "pk": 34,
    "fields": {
      "title": "Mouth of the River",
      "artist": 1,
      "release": 3,
      "duration": "00:03:41",
      "track_number": 9
    }
  },
  {
    "model": "artist_card.song",
    "pk": 35,
    "fields": {
      "title": "Thunder",
      "artist": 1,
      "release": 3,
      "duration": "00:03:07",
      "track_number": 10
    }
  },
  {
    "model": "staff_service.service",
    "pk": 1,
    "fields": {
      "name": "▌ъёъы■чшт",
      "cost": "50000.00",
      "type": "Exclusive"
    }
  },
  {
    "model": "staff_service.service",
    "pk": 2,
    "fields": {
      "name": "┴рчют√щ ышчшэу",
      "cost": "3000.00",
      "type": "Leasing"
    }
  },
  {
    "model": "staff_service.service",
    "pk": 3,
    "fields": {
      "name": "╩юььхЁўхёъшщ ышчшэу",
      "cost": "5000.00",
      "type": "Leasing+"
    }
  },
  {
    "model": "staff_service.service",
    "pk": 4,
    "fields": {
      "name": "╧юф ъы■ў",
      "cost": "100000.00",
      "type": "Key"
    }
  },
  {
    "model": "staff_service.service",
    "pk": 5,
    "fields": {
      "name": "╧Ёюфръ°э ьєч√ър",
      "cost": "20000.00",
      "type": "Production"
    }
  },
  {
    "model": "staff_service.shopcart",
    "pk": 1,
    "fields": {
      "artist": 1,
      "sum": "500.00"
    }
  },
  {
    "model": "staff_service.cartitem",
    "pk": 1,
    "fields": {
      "quantity": 1,
      "service": 1,
      "cart": 1
    }
  },
  {
    "model": "staff_service.contract",
    "pk": 1,
    "fields": {
      "artist": 1,
      "contract_terms": "└ЁЄшёЄ юс чєхЄё  т√яєёЄшЄ№ 3 ры№сюьр т Єхўхэшх 5 ыхЄ, ьшэшьєь 12 ЄЁхъют т ры№сюьх. ╤Єєфш  чтєъючряшёш юс чєхЄё  т√яырЄшЄ№ рЁЄшёЄє т юс∙хщ ёыюцэюёЄш 1 000 000 фюыырЁют т Єхўхэшх тёхую ёЁюър фхщёЄтш  ъюэЄЁръЄр, яЁшўхь яырЄхцш фюыцэ√ с√Є№ яЁюшчтхфхэ√ ёыхфє■∙шь юсЁрчюь: 250 000 фюыырЁют яюёых яюфяшёрэш , 250 000 фюыырЁют яюёых чртхЁ°хэш  яхЁтюую ры№сюьр, 250 000 фюыырЁют яюёых чртхЁ°хэш  тЄюЁюую ры№сюьр ш 250 000 фюыырЁют яюёых чртхЁ°хэш  ъюэЄЁръЄр. чртхЁ°хэшх ЄЁхЄ№хую ры№сюьр.",
      "signing_date": "2023-03-21",
      "duration": 12,
      "artist_signed": true,
      "studio_admin_signed": true
    }
  },
  {
    "model": "admin.logentry",
    "pk": 1,
    "fields": {
      "action_time": "2023-03-15T20:18:03.894Z",
      "user": 11,
      "content_type": 3,
      "object_id": "1",
      "object_repr": "Night Visions",
      "action_flag": 1,
      "change_message": "[{\"added\": {}}]"
    }
  },
  {
    "model": "admin.logentry",
    "pk": 2,
    "fields": {
      "action_time": "2023-03-15T20:18:26.210Z",
      "user": 11,
      "content_type": 3,
      "object_id": "1",
      "object_repr": "Night Visions",
      "action_flag": 2,
      "change_message": "[{\"changed\": {\"fields\": [\"\\u041e\\u0431\\u043b\\u043e\\u0436\\u043a\\u0430\"]}}]"
    }
  },
  {
    "model": "admin.logentry",
    "pk": 3,
    "fields": {
      "action_time": "2023-03-15T20:25:47.985Z",
      "user": 11,
      "content_type": 3,
      "object_id": "1",
      "object_repr": "Night Visions",
      "action_flag": 2,
      "change_message": "[{\"added\": {\"name\": \"\\u041f\\u0435\\u0441\\u043d\\u044f\", \"object\": \"Nothing Left To Say / Rocks - Medley\"}}, {\"added\": {\"name\": \"\\u041f\\u0435\\u0441\\u043d\\u044f\", \"object\": \"Cha-Ching (Till We Grow Older)\"}}]"
    }
  },
  {
    "model": "admin.logentry",
    "pk": 4,
    "fields": {
      "action_time": "2023-03-15T20:26:01.922Z",
      "user": 11,
      "content_type": 3,
      "object_id": "1",
      "object_repr": "Night Visions",
      "action_flag": 2,
      "change_message": "[{\"added\": {\"name\": \"\\u041f\\u0435\\u0441\\u043d\\u044f\", \"object\": \"Working Man\"}}]"
    }
  },
  {
    "model": "admin.logentry",
    "pk": 5,
    "fields": {
      "action_time": "2023-03-15T20:26:13.752Z",
      "user": 11,
      "content_type": 3,
      "object_id": "1",
      "object_repr": "Night Visions",
      "action_flag": 2,
      "change_message": "[{\"added\": {\"name\": \"\\u041f\\u0435\\u0441\\u043d\\u044f\", \"object\": \"Tokyo\"}}]"
    }
  },
  {
    "model": "admin.logentry",
    "pk": 6,
    "fields": {
      "action_time": "2023-03-15T20:32:51.217Z",
      "user": 11,
      "content_type": 3,
      "object_id": "2",
      "object_repr": "25",
      "action_flag": 1,
      "change_message": "[{\"added\": {}}]"
    }
  },
  {
    "model": "admin.logentry",
    "pk": 7,
    "fields": {
      "action_time": "2023-03-15T20:35:21.349Z",
      "user": 11,
      "content_type": 3,
      "object_id": "2",
      "object_repr": "25",
      "action_flag": 2,
      "change_message": "[{\"added\": {\"name\": \"\\u041f\\u0435\\u0441\\u043d\\u044f\", \"object\": \"Sweetest Devotion\"}}]"
    }
  },
  {
    "model": "admin.logentry",
    "pk": 8,
    "fields": {
      "action_time": "2023-03-21T10:02:37.647Z",
      "user": 11,
      "content_type": 5,
      "object_id": "1",
      "object_repr": "╦шчшэу (Leasing) - 500",
      "action_flag": 1,
      "change_message": "[{\"added\": {}}]"
    }
  },
  {
    "model": "admin.logentry",
    "pk": 9,
    "fields": {
      "action_time": "2023-03-21T10:06:45.641Z",
      "user": 11,
      "content_type": 7,
      "object_id": "1",
      "object_repr": "Imagine Dragons - 2000.00",
      "action_flag": 1,
      "change_message": "[{\"added\": {}}, {\"added\": {\"name\": \"\\u041f\\u043e\\u0437\\u0438\\u0446\\u0438\\u044f \\u0432 \\u043a\\u043e\\u0440\\u0437\\u0438\\u043d\\u0435\", \"object\": \"CartItem object (1)\"}}, {\"added\": {\"name\": \"\\u041f\\u043e\\u0437\\u0438\\u0446\\u0438\\u044f \\u0432 \\u043a\\u043e\\u0440\\u0437\\u0438\\u043d\\u0435\", \"object\": \"CartItem object (2)\"}}]"
    }
  },
  {
    "model": "admin.logentry",
    "pk": 10,
    "fields": {
      "action_time": "2023-03-21T10:06:51.865Z",
      "user": 11,
      "content_type": 7,
      "object_id": "1",
      "object_repr": "Imagine Dragons - 2000.00",
      "action_flag": 2,
      "change_message": "[{\"deleted\": {\"name\": \"\\u041f\\u043e\\u0437\\u0438\\u0446\\u0438\\u044f \\u0432 \\u043a\\u043e\\u0440\\u0437\\u0438\\u043d\\u0435\", \"object\": \"CartItem object (None)\"}}]"
    }
  },
  {
    "model": "admin.logentry",
    "pk": 11,
    "fields": {
      "action_time": "2023-03-21T10:06:58.219Z",
      "user": 11,
      "content_type": 7,
      "object_id": "1",
      "object_repr": "Imagine Dragons - 500.00",
      "action_flag": 2,
      "change_message": "[]"
    }
  },
  {
    "model": "admin.logentry",
    "pk": 12,
    "fields": {
      "action_time": "2023-03-21T10:52:35.327Z",
      "user": 11,
      "content_type": 3,
      "object_id": "3",
      "object_repr": "Evolve",
      "action_flag": 1,
      "change_message": "[{\"added\": {}}]"
    }
  },
  {
    "model": "admin.logentry",
    "pk": 13,
    "fields": {
      "action_time": "2023-03-21T12:31:01.273Z",
      "user": 11,
      "content_type": 20,
      "object_id": "1",
      "object_repr": "Imagine Dragons - 2023-03-21 (12 ьхё Ўхт)",
      "action_flag": 1,
      "change_message": "[{\"added\": {}}]"
    }
  },
  {
    "model": "admin.logentry",
    "pk": 14,
    "fields": {
      "action_time": "2023-03-21T12:40:05.169Z",
      "user": 11,
      "content_type": 20,
      "object_id": "1",
      "object_repr": "Imagine Dragons - 2023-03-21 (12 ьхё Ўхт)",
      "action_flag": 2,
      "change_message": "[{\"changed\": {\"fields\": [\"\\u041f\\u043e\\u0434\\u043f\\u0438\\u0441\\u044c \\u0430\\u0440\\u0442\\u0438\\u0441\\u0442\\u0430\", \"\\u041f\\u043e\\u0434\\u043f\\u0438\\u0441\\u044c \\u0430\\u0434\\u043c\\u0438\\u043d\\u0438\\u0441\\u0442\\u0440\\u0430\\u0442\\u043e\\u0440\\u0430\"]}}]"
    }
  },
  {
    "model": "admin.logentry",
    "pk": 15,
    "fields": {
      "action_time": "2023-03-21T12:43:43.773Z",
      "user": 11,
      "content_type": 20,
      "object_id": "1",
      "object_repr": "Imagine Dragons - 2023-03-21 (12 ьхё Ўхт)",
      "action_flag": 2,
      "change_message": "[]"
    }
  },
  {
    "model": "admin.logentry",
    "pk": 16,
    "fields": {
      "action_time": "2023-04-03T09:55:42.369Z",
      "user": 11,
      "content_type": 15,
      "object_id": "1",
      "object_repr": "imagine_dragons",
      "action_flag": 2,
      "change_message": "[{\"changed\": {\"fields\": [\"Username\"]}}]"
    }
  },
  {
    "model": "admin.logentry",
    "pk": 17,
    "fields": {
      "action_time": "2023-04-03T09:56:28.884Z",
      "user": 11,
      "content_type": 14,
      "object_id": "1",
      "object_repr": "artist",
      "action_flag": 1,
      "change_message": "[{\"added\": {}}]"
    }
  },
  {
    "model": "admin.logentry",
    "pk": 18,
    "fields": {
      "action_time": "2023-04-03T09:56:42.096Z",
      "user": 11,
      "content_type": 15,
      "object_id": "1",
      "object_repr": "imagine_dragons",
      "action_flag": 2,
      "change_message": "[{\"changed\": {\"fields\": [\"Groups\"]}}]"
    }
  },
  {
    "model": "admin.logentry",
    "pk": 19,
    "fields": {
      "action_time": "2023-04-03T09:58:12.312Z",
      "user": 11,
      "content_type": 15,
      "object_id": "1",
      "object_repr": "imagine_dragons",
      "action_flag": 2,
      "change_message": "[{\"changed\": {\"fields\": [\"password\"]}}]"
    }
  },
  {
    "model": "admin.logentry",
    "pk": 20,
    "fields": {
      "action_time": "2023-04-03T10:25:06.573Z",
      "user": 11,
      "content_type": 15,
      "object_id": "1",
      "object_repr": "imagine_dragons",
      "action_flag": 2,
      "change_message": "[{\"changed\": {\"fields\": [\"Staff status\"]}}]"
    }
  },
  {
    "model": "admin.logentry",
    "pk": 21,
    "fields": {
      "action_time": "2023-04-03T10:25:15.890Z",
      "user": 11,
      "content_type": 15,
      "object_id": "1",
      "object_repr": "imagine_dragons",
      "action_flag": 2,
      "change_message": "[{\"changed\": {\"fields\": [\"Superuser status\"]}}]"
    }
  },
  {
    "model": "admin.logentry",
    "pk": 22,
    "fields": {
      "action_time": "2023-04-03T10:25:25.448Z",
      "user": 11,
      "content_type": 15,
      "object_id": "1",
      "object_repr": "imagine_dragons",
      "action_flag": 2,
      "change_message": "[{\"changed\": {\"fields\": [\"Staff status\", \"Superuser status\"]}}]"
    }
  },
  {
    "model": "auth.permission",
    "pk": 1,
    "fields": {
      "name": "Can add ╧хёэ ",
      "content_type": 1,
      "codename": "add_song"
    }
  },
  {
    "model": "auth.permission",
    "pk": 2,
    "fields": {
      "name": "Can change ╧хёэ ",
      "content_type": 1,
      "codename": "change_song"
    }
  },
  {
    "model": "auth.permission",
    "pk": 3,
    "fields": {
      "name": "Can delete ╧хёэ ",
      "content_type": 1,
      "codename": "delete_song"
    }
  },
  {
    "model": "auth.permission",
    "pk": 4,
    "fields": {
      "name": "Can view ╧хёэ ",
      "content_type": 1,
      "codename": "view_song"
    }
  },
  {
    "model": "auth.permission",
    "pk": 5,
    "fields": {
      "name": "Can add ╚ёяюыэшЄхы№",
      "content_type": 2,
      "codename": "add_artist"
    }
  },
  {
    "model": "auth.permission",
    "pk": 6,
    "fields": {
      "name": "Can change ╚ёяюыэшЄхы№",
      "content_type": 2,
      "codename": "change_artist"
    }
  },
  {
    "model": "auth.permission",
    "pk": 7,
    "fields": {
      "name": "Can delete ╚ёяюыэшЄхы№",
      "content_type": 2,
      "codename": "delete_artist"
    }
  },
  {
    "model": "auth.permission",
    "pk": 8,
    "fields": {
      "name": "Can view ╚ёяюыэшЄхы№",
      "content_type": 2,
      "codename": "view_artist"
    }
  },
  {
    "model": "auth.permission",
    "pk": 9,
    "fields": {
      "name": "Can add └ы№сюь",
      "content_type": 3,
      "codename": "add_release"
    }
  },
  {
    "model": "auth.permission",
    "pk": 10,
    "fields": {
      "name": "Can change └ы№сюь",
      "content_type": 3,
      "codename": "change_release"
    }
  },
  {
    "model": "auth.permission",
    "pk": 11,
    "fields": {
      "name": "Can delete └ы№сюь",
      "content_type": 3,
      "codename": "delete_release"
    }
  },
  {
    "model": "auth.permission",
    "pk": 12,
    "fields": {
      "name": "Can view └ы№сюь",
      "content_type": 3,
      "codename": "view_release"
    }
  },
  {
    "model": "auth.permission",
    "pk": 13,
    "fields": {
      "name": "Can add ╞рэЁ",
      "content_type": 4,
      "codename": "add_genre"
    }
  },
  {
    "model": "auth.permission",
    "pk": 14,
    "fields": {
      "name": "Can change ╞рэЁ",
      "content_type": 4,
      "codename": "change_genre"
    }
  },
  {
    "model": "auth.permission",
    "pk": 15,
    "fields": {
      "name": "Can delete ╞рэЁ",
      "content_type": 4,
      "codename": "delete_genre"
    }
  },
  {
    "model": "auth.permission",
    "pk": 16,
    "fields": {
      "name": "Can view ╞рэЁ",
      "content_type": 4,
      "codename": "view_genre"
    }
  },
  {
    "model": "auth.permission",
    "pk": 17,
    "fields": {
      "name": "Can add ╙ёыєур",
      "content_type": 5,
      "codename": "add_service"
    }
  },
  {
    "model": "auth.permission",
    "pk": 18,
    "fields": {
      "name": "Can change ╙ёыєур",
      "content_type": 5,
      "codename": "change_service"
    }
  },
  {
    "model": "auth.permission",
    "pk": 19,
    "fields": {
      "name": "Can delete ╙ёыєур",
      "content_type": 5,
      "codename": "delete_service"
    }
  },
  {
    "model": "auth.permission",
    "pk": 20,
    "fields": {
      "name": "Can view ╙ёыєур",
      "content_type": 5,
      "codename": "view_service"
    }
  },
  {
    "model": "auth.permission",
    "pk": 21,
    "fields": {
      "name": "Can add ╟тєъюЁцхёёхЁ",
      "content_type": 6,
      "codename": "add_sounddesigner"
    }
  },
  {
    "model": "auth.permission",
    "pk": 22,
    "fields": {
      "name": "Can change ╟тєъюЁцхёёхЁ",
      "content_type": 6,
      "codename": "change_sounddesigner"
    }
  },
  {
    "model": "auth.permission",
    "pk": 23,
    "fields": {
      "name": "Can delete ╟тєъюЁцхёёхЁ",
      "content_type": 6,
      "codename": "delete_sounddesigner"
    }
  },
  {
    "model": "auth.permission",
    "pk": 24,
    "fields": {
      "name": "Can view ╟тєъюЁцхёёхЁ",
      "content_type": 6,
      "codename": "view_sounddesigner"
    }
  },
  {
    "model": "auth.permission",
    "pk": 25,
    "fields": {
      "name": "Can add ╩юЁчшэр",
      "content_type": 7,
      "codename": "add_shopcart"
    }
  },
  {
    "model": "auth.permission",
    "pk": 26,
    "fields": {
      "name": "Can change ╩юЁчшэр",
      "content_type": 7,
      "codename": "change_shopcart"
    }
  },
  {
    "model": "auth.permission",
    "pk": 27,
    "fields": {
      "name": "Can delete ╩юЁчшэр",
      "content_type": 7,
      "codename": "delete_shopcart"
    }
  },
  {
    "model": "auth.permission",
    "pk": 28,
    "fields": {
      "name": "Can view ╩юЁчшэр",
      "content_type": 7,
      "codename": "view_shopcart"
    }
  },
  {
    "model": "auth.permission",
    "pk": 29,
    "fields": {
      "name": "Can add ╧ючшЎш  т ъюЁчшэх",
      "content_type": 8,
      "codename": "add_cartitem"
    }
  },
  {
    "model": "auth.permission",
    "pk": 30,
    "fields": {
      "name": "Can change ╧ючшЎш  т ъюЁчшэх",
      "content_type": 8,
      "codename": "change_cartitem"
    }
  },
  {
    "model": "auth.permission",
    "pk": 31,
    "fields": {
      "name": "Can delete ╧ючшЎш  т ъюЁчшэх",
      "content_type": 8,
      "codename": "delete_cartitem"
    }
  },
  {
    "model": "auth.permission",
    "pk": 32,
    "fields": {
      "name": "Can view ╧ючшЎш  т ъюЁчшэх",
      "content_type": 8,
      "codename": "view_cartitem"
    }
  },
  {
    "model": "auth.permission",
    "pk": 33,
    "fields": {
      "name": "Can add └ЁЁрэцшЁютър",
      "content_type": 9,
      "codename": "add_arrangement"
    }
  },
  {
    "model": "auth.permission",
    "pk": 34,
    "fields": {
      "name": "Can change └ЁЁрэцшЁютър",
      "content_type": 9,
      "codename": "change_arrangement"
    }
  },
  {
    "model": "auth.permission",
    "pk": 35,
    "fields": {
      "name": "Can delete └ЁЁрэцшЁютър",
      "content_type": 9,
      "codename": "delete_arrangement"
    }
  },
  {
    "model": "auth.permission",
    "pk": 36,
    "fields": {
      "name": "Can view └ЁЁрэцшЁютър",
      "content_type": 9,
      "codename": "view_arrangement"
    }
  },
  {
    "model": "auth.permission",
    "pk": 37,
    "fields": {
      "name": "Can add ═ютюёЄ№",
      "content_type": 10,
      "codename": "add_news"
    }
  },
  {
    "model": "auth.permission",
    "pk": 38,
    "fields": {
      "name": "Can change ═ютюёЄ№",
      "content_type": 10,
      "codename": "change_news"
    }
  },
  {
    "model": "auth.permission",
    "pk": 39,
    "fields": {
      "name": "Can delete ═ютюёЄ№",
      "content_type": 10,
      "codename": "delete_news"
    }
  },
  {
    "model": "auth.permission",
    "pk": 40,
    "fields": {
      "name": "Can view ═ютюёЄ№",
      "content_type": 10,
      "codename": "view_news"
    }
  },
  {
    "model": "auth.permission",
    "pk": 41,
    "fields": {
      "name": "Can add └счрЎ",
      "content_type": 11,
      "codename": "add_newsarticle"
    }
  },
  {
    "model": "auth.permission",
    "pk": 42,
    "fields": {
      "name": "Can change └счрЎ",
      "content_type": 11,
      "codename": "change_newsarticle"
    }
  },
  {
    "model": "auth.permission",
    "pk": 43,
    "fields": {
      "name": "Can delete └счрЎ",
      "content_type": 11,
      "codename": "delete_newsarticle"
    }
  },
  {
    "model": "auth.permission",
    "pk": 44,
    "fields": {
      "name": "Can view └счрЎ",
      "content_type": 11,
      "codename": "view_newsarticle"
    }
  },
  {
    "model": "auth.permission",
    "pk": 45,
    "fields": {
      "name": "Can add log entry",
      "content_type": 12,
      "codename": "add_logentry"
    }
  },
  {
    "model": "auth.permission",
    "pk": 46,
    "fields": {
      "name": "Can change log entry",
      "content_type": 12,
      "codename": "change_logentry"
    }
  },
  {
    "model": "auth.permission",
    "pk": 47,
    "fields": {
      "name": "Can delete log entry",
      "content_type": 12,
      "codename": "delete_logentry"
    }
  },
  {
    "model": "auth.permission",
    "pk": 48,
    "fields": {
      "name": "Can view log entry",
      "content_type": 12,
      "codename": "view_logentry"
    }
  },
  {
    "model": "auth.permission",
    "pk": 49,
    "fields": {
      "name": "Can add permission",
      "content_type": 13,
      "codename": "add_permission"
    }
  },
  {
    "model": "auth.permission",
    "pk": 50,
    "fields": {
      "name": "Can change permission",
      "content_type": 13,
      "codename": "change_permission"
    }
  },
  {
    "model": "auth.permission",
    "pk": 51,
    "fields": {
      "name": "Can delete permission",
      "content_type": 13,
      "codename": "delete_permission"
    }
  },
  {
    "model": "auth.permission",
    "pk": 52,
    "fields": {
      "name": "Can view permission",
      "content_type": 13,
      "codename": "view_permission"
    }
  },
  {
    "model": "auth.permission",
    "pk": 53,
    "fields": {
      "name": "Can add group",
      "content_type": 14,
      "codename": "add_group"
    }
  },
  {
    "model": "auth.permission",
    "pk": 54,
    "fields": {
      "name": "Can change group",
      "content_type": 14,
      "codename": "change_group"
    }
  },
  {
    "model": "auth.permission",
    "pk": 55,
    "fields": {
      "name": "Can delete group",
      "content_type": 14,
      "codename": "delete_group"
    }
  },
  {
    "model": "auth.permission",
    "pk": 56,
    "fields": {
      "name": "Can view group",
      "content_type": 14,
      "codename": "view_group"
    }
  },
  {
    "model": "auth.permission",
    "pk": 57,
    "fields": {
      "name": "Can add user",
      "content_type": 15,
      "codename": "add_user"
    }
  },
  {
    "model": "auth.permission",
    "pk": 58,
    "fields": {
      "name": "Can change user",
      "content_type": 15,
      "codename": "change_user"
    }
  },
  {
    "model": "auth.permission",
    "pk": 59,
    "fields": {
      "name": "Can delete user",
      "content_type": 15,
      "codename": "delete_user"
    }
  },
  {
    "model": "auth.permission",
    "pk": 60,
    "fields": {
      "name": "Can view user",
      "content_type": 15,
      "codename": "view_user"
    }
  },
  {
    "model": "auth.permission",
    "pk": 61,
    "fields": {
      "name": "Can add content type",
      "content_type": 16,
      "codename": "add_contenttype"
    }
  },
  {
    "model": "auth.permission",
    "pk": 62,
    "fields": {
      "name": "Can change content type",
      "content_type": 16,
      "codename": "change_contenttype"
    }
  },
  {
    "model": "auth.permission",
    "pk": 63,
    "fields": {
      "name": "Can delete content type",
      "content_type": 16,
      "codename": "delete_contenttype"
    }
  },
  {
    "model": "auth.permission",
    "pk": 64,
    "fields": {
      "name": "Can view content type",
      "content_type": 16,
      "codename": "view_contenttype"
    }
  },
  {
    "model": "auth.permission",
    "pk": 65,
    "fields": {
      "name": "Can add session",
      "content_type": 17,
      "codename": "add_session"
    }
  },
  {
    "model": "auth.permission",
    "pk": 66,
    "fields": {
      "name": "Can change session",
      "content_type": 17,
      "codename": "change_session"
    }
  },
  {
    "model": "auth.permission",
    "pk": 67,
    "fields": {
      "name": "Can delete session",
      "content_type": 17,
      "codename": "delete_session"
    }
  },
  {
    "model": "auth.permission",
    "pk": 68,
    "fields": {
      "name": "Can view session",
      "content_type": 17,
      "codename": "view_session"
    }
  },
  {
    "model": "auth.permission",
    "pk": 69,
    "fields": {
      "name": "Can add Token",
      "content_type": 18,
      "codename": "add_token"
    }
  },
  {
    "model": "auth.permission",
    "pk": 70,
    "fields": {
      "name": "Can change Token",
      "content_type": 18,
      "codename": "change_token"
    }
  },
  {
    "model": "auth.permission",
    "pk": 71,
    "fields": {
      "name": "Can delete Token",
      "content_type": 18,
      "codename": "delete_token"
    }
  },
  {
    "model": "auth.permission",
    "pk": 72,
    "fields": {
      "name": "Can view Token",
      "content_type": 18,
      "codename": "view_token"
    }
  },
  {
    "model": "auth.permission",
    "pk": 73,
    "fields": {
      "name": "Can add token",
      "content_type": 19,
      "codename": "add_tokenproxy"
    }
  },
  {
    "model": "auth.permission",
    "pk": 74,
    "fields": {
      "name": "Can change token",
      "content_type": 19,
      "codename": "change_tokenproxy"
    }
  },
  {
    "model": "auth.permission",
    "pk": 75,
    "fields": {
      "name": "Can delete token",
      "content_type": 19,
      "codename": "delete_tokenproxy"
    }
  },
  {
    "model": "auth.permission",
    "pk": 76,
    "fields": {
      "name": "Can view token",
      "content_type": 19,
      "codename": "view_tokenproxy"
    }
  },
  {
    "model": "auth.permission",
    "pk": 77,
    "fields": {
      "name": "Can add ╩юэЄЁръЄ",
      "content_type": 20,
      "codename": "add_contract"
    }
  },
  {
    "model": "auth.permission",
    "pk": 78,
    "fields": {
      "name": "Can change ╩юэЄЁръЄ",
      "content_type": 20,
      "codename": "change_contract"
    }
  },
  {
    "model": "auth.permission",
    "pk": 79,
    "fields": {
      "name": "Can delete ╩юэЄЁръЄ",
      "content_type": 20,
      "codename": "delete_contract"
    }
  },
  {
    "model": "auth.permission",
    "pk": 80,
    "fields": {
      "name": "Can view ╩юэЄЁръЄ",
      "content_type": 20,
      "codename": "view_contract"
    }
  },
  {
    "model": "auth.group",
    "pk": 1,
    "fields": {
      "name": "artist",
      "permissions": [
        6,
        8,
        9,
        10,
        11,
        12,
        1,
        2,
        3,
        4
      ]
    }
  },
  {
    "model": "sonichaven.user",
    "pk": 1,
    "fields": {
      "password": "pbkdf2_sha256$390000$aU9C83AipOEyJsiL8qWpEz$wPRICLRFQSEXIr5s35HK4VPu0lsBvKanzxGdnt1t2w8=",
      "last_login": null,
      "is_superuser": false,
      "username": "imagine_dragons",
      "first_name": "John",
      "last_name": "Doe",
      "email": "johndoe@gmail.com",
      "is_staff": false,
      "is_active": true,
      "date_joined": "2020-01-01T00:00:00Z",
      "groups": [
        1
      ],
      "user_permissions": []
    }
  },
  {
    "model": "sonichaven.user",
    "pk": 2,
    "fields": {
      "password": "pbkdf2_sha256$260000$NtO9X0c2jJmd$efGw43I5rmAh8jK0ZlLdDxvQU91FmexXc1YKgJef/gw=",
      "last_login": null,
      "is_superuser": false,
      "username": "user2",
      "first_name": "Jane",
      "last_name": "Smith",
      "email": "janesmith@gmail.com",
      "is_staff": false,
      "is_active": true,
      "date_joined": "2020-01-02T00:00:00Z",
      "groups": [],
      "user_permissions": []
    }
  },
  {
    "model": "sonichaven.user",
    "pk": 3,
    "fields": {
      "password": "pbkdf2_sha256$260000$eJde1zH7WeEn$DJbWhV7LdO+SyBcU5np5U6kv3/6jXy6NlE/QoALNUIQ=",
      "last_login": null,
      "is_superuser": false,
      "username": "user3",
      "first_name": "David",
      "last_name": "Jones",
      "email": "davidjones@gmail.com",
      "is_staff": false,
      "is_active": true,
      "date_joined": "2020-01-03T00:00:00Z",
      "groups": [],
      "user_permissions": []
    }
  },
  {
    "model": "sonichaven.user",
    "pk": 4,
    "fields": {
      "password": "pbkdf2_sha256$260000$xOvNzXGVD8bl$4jK3qI3vEJfCw8zoyKsIkb+wLfjvT9gLLWqxT2H1mc0=",
      "last_login": null,
      "is_superuser": false,
      "username": "user4",
      "first_name": "Emily",
      "last_name": "Brown",
      "email": "emilybrown@gmail.com",
      "is_staff": false,
      "is_active": true,
      "date_joined": "2020-01-04T00:00:00Z",
      "groups": [],
      "user_permissions": []
    }
  },
  {
    "model": "sonichaven.user",
    "pk": 5,
    "fields": {
      "password": "pbkdf2_sha256$260000$Tt8sPG9pIyKH$UhBb1zgZ88JeoZpvlTDsvE7Vmbg+6",
      "last_login": null,
      "is_superuser": false,
      "username": "user5",
      "first_name": "Michael",
      "last_name": "Johnson",
      "email": "michaeljohnson@gmail.com",
      "is_staff": false,
      "is_active": true,
      "date_joined": "2020-01-04T00:00:00Z",
      "groups": [],
      "user_permissions": []
    }
  },
  {
    "model": "sonichaven.user",
    "pk": 6,
    "fields": {
      "password": "pbkdf2_sha256$216000$MbjTnT6Rnldy$12Ks9X9A89IbQuZKpOtZzWWGddnIwL+CtjyvlA2fGCQ=",
      "last_login": null,
      "is_superuser": false,
      "username": "johndoe",
      "first_name": "John",
      "last_name": "Doe",
      "email": "johndoe@example.com",
      "is_staff": false,
      "is_active": true,
      "date_joined": "2022-11-05T04:38:23.252Z",
      "groups": [],
      "user_permissions": []
    }
  },
  {
    "model": "sonichaven.user",
    "pk": 7,
    "fields": {
      "password": "pbkdf2_sha256$216000$72uNY5y5fu5n$ln7hKXJrvFfdNQuZKpOtZzWWGddnIwL+CtjyvlA2fGCQ=",
      "last_login": null,
      "is_superuser": false,
      "username": "janedoe",
      "first_name": "Jane",
      "last_name": "Doe",
      "email": "janedoe@example.com",
      "is_staff": false,
      "is_active": true,
      "date_joined": "2022-11-05T04:39:15.782Z",
      "groups": [],
      "user_permissions": []
    }
  },
  {
    "model": "sonichaven.user",
    "pk": 8,
    "fields": {
      "password": "pbkdf2_sha256$216000$VxBZnTxnHJtp$ln7hKXJrvFfdNQuZKpOtZzWWGddnIwL+CtjyvlA2fGCQ=",
      "last_login": null,
      "is_superuser": false,
      "username": "jackblack",
      "first_name": "Jack",
      "last_name": "Black",
      "email": "jackblack@example.com",
      "is_staff": false,
      "is_active": true,
      "date_joined": "2022-11-05T04:40:09.428Z",
      "groups": [],
      "user_permissions": []
    }
  },
  {
    "model": "sonichaven.user",
    "pk": 9,
    "fields": {
      "password": "pbkdf2_sha256$216000$p8fRJNoihNtr$pRo/lNscxTvgTdjzXkGaiOHL7hBRJq3sGMZCyfnYYlM=",
      "last_login": null,
      "is_superuser": false,
      "username": "willsmith",
      "first_name": "Will",
      "last_name": "Smith",
      "email": "willsmith@example.com",
      "is_staff": false,
      "is_active": true,
      "date_joined": "2022-11-05T04:40:51.847Z",
      "groups": [],
      "user_permissions": []
    }
  },
  {
    "model": "sonichaven.user",
    "pk": 10,
    "fields": {
      "password": "pbkdf2_sha256$216000$V2Qwes3FGsMC$YahHmJ7VXkwzL+8iwV2/zwRMuog7Z",
      "last_login": null,
      "is_superuser": false,
      "username": "jenniferlopez",
      "first_name": "Jennifer",
      "last_name": "Lopez",
      "email": "jenniferlopez@example.com",
      "is_staff": false,
      "is_active": true,
      "date_joined": "2022-11-05T04:40:51.847Z",
      "groups": [],
      "user_permissions": []
    }
  },
  {
    "model": "sonichaven.user",
    "pk": 11,
    "fields": {
      "password": "pbkdf2_sha256$390000$wgaD00bOy5pOhmoC3ES3Yf$sf+oSHo/dXSIiqSpamQul8ARqadJA7hCdzgLSM3E4oQ=",
      "last_login": "2023-04-03T09:57:15.931Z",
      "is_superuser": true,
      "username": "admin",
      "first_name": "",
      "last_name": "",
      "email": "",
      "is_staff": true,
      "is_active": true,
      "date_joined": "2023-03-15T20:13:39.375Z",
      "groups": [],
      "user_permissions": []
    }
  },
  {
    "model": "contenttypes.contenttype",
    "pk": 1,
    "fields": {
      "app_label": "artist_card",
      "model": "song"
    }
  },
  {
    "model": "contenttypes.contenttype",
    "pk": 2,
    "fields": {
      "app_label": "artist_card",
      "model": "artist"
    }
  },
  {
    "model": "contenttypes.contenttype",
    "pk": 3,
    "fields": {
      "app_label": "artist_card",
      "model": "release"
    }
  },
  {
    "model": "contenttypes.contenttype",
    "pk": 4,
    "fields": {
      "app_label": "staff_service",
      "model": "genre"
    }
  },
  {
    "model": "contenttypes.contenttype",
    "pk": 5,
    "fields": {
      "app_label": "staff_service",
      "model": "service"
    }
  },
  {
    "model": "contenttypes.contenttype",
    "pk": 6,
    "fields": {
      "app_label": "staff_service",
      "model": "sounddesigner"
    }
  },
  {
    "model": "contenttypes.contenttype",
    "pk": 7,
    "fields": {
      "app_label": "staff_service",
      "model": "shopcart"
    }
  },
  {
    "model": "contenttypes.contenttype",
    "pk": 8,
    "fields": {
      "app_label": "staff_service",
      "model": "cartitem"
    }
  },
  {
    "model": "contenttypes.contenttype",
    "pk": 9,
    "fields": {
      "app_label": "staff_service",
      "model": "arrangement"
    }
  },
  {
    "model": "contenttypes.contenttype",
    "pk": 10,
    "fields": {
      "app_label": "news_blog",
      "model": "news"
    }
  },
  {
    "model": "contenttypes.contenttype",
    "pk": 11,
    "fields": {
      "app_label": "news_blog",
      "model": "newsarticle"
    }
  },
  {
    "model": "contenttypes.contenttype",
    "pk": 12,
    "fields": {
      "app_label": "admin",
      "model": "logentry"
    }
  },
  {
    "model": "contenttypes.contenttype",
    "pk": 13,
    "fields": {
      "app_label": "auth",
      "model": "permission"
    }
  },
  {
    "model": "contenttypes.contenttype",
    "pk": 14,
    "fields": {
      "app_label": "auth",
      "model": "group"
    }
  },
  {
    "model": "contenttypes.contenttype",
    "pk": 15,
    "fields": {
      "app_label": "auth",
      "model": "user"
    }
  },
  {
    "model": "contenttypes.contenttype",
    "pk": 16,
    "fields": {
      "app_label": "contenttypes",
      "model": "contenttype"
    }
  },
  {
    "model": "contenttypes.contenttype",
    "pk": 17,
    "fields": {
      "app_label": "sessions",
      "model": "session"
    }
  },
  {
    "model": "contenttypes.contenttype",
    "pk": 18,
    "fields": {
      "app_label": "authtoken",
      "model": "token"
    }
  },
  {
    "model": "contenttypes.contenttype",
    "pk": 19,
    "fields": {
      "app_label": "authtoken",
      "model": "tokenproxy"
    }
  },
  {
    "model": "contenttypes.contenttype",
    "pk": 20,
    "fields": {
      "app_label": "staff_service",
      "model": "contract"
    }
  },
  {
    "model": "sessions.session",
    "pk": "efpi19exgwze024wf3ek9wzxz5vwip5u",
    "fields": {
      "session_data": ".eJxVjDEOwyAQBP9CHSEfBoxTpvcb0HEHwUkEkrGrKH-PLblImi12ZvctPG5r9luLi59ZXAWAuPyWAekZy0H4geVeJdWyLnOQhyJP2uRUOb5up_t3kLHlfW0hxNAjMHdWxQGZWI9dio76NDqkoAwq0tBDUpZswj1USgYNaXZhEJ8vNKY5Rg:1pjGx2:sEwpiYFf-CWdHUz-fSoeSAaOFapnuDmtwN01LHgmwzE",
      "expire_date": "2023-04-17T09:58:12.358Z"
    }
  },
  {
    "model": "sessions.session",
    "pk": "j7rkpk69q4uhlwuvns0567w0eikmr06u",
    "fields": {
      "session_data": ".eJxVjDEOwyAQBP9CHSEfBoxTpvcb0HEHwUkEkrGrKH-PLblImi12ZvctPG5r9luLi59ZXAWAuPyWAekZy0H4geVeJdWyLnOQhyJP2uRUOb5up_t3kLHlfW0hxNAjMHdWxQGZWI9dio76NDqkoAwq0tBDUpZswj1USgYNaXZhEJ8vNKY5Rg:1pcXVG:qU_SxeX-eRDFRjH2QqMVteqDFMyNyg1G1s-ajBb4h2M",
      "expire_date": "2023-03-29T20:13:42.999Z"
    }
  },
  {
    "model": "authtoken.token",
    "pk": "048cd10361fd81df10873094734f607822a59782",
    "fields": {
      "user": 11,
      "created": "2023-03-15T20:13:39.592Z"
    }
  },
  {
    "model": "authtoken.token",
    "pk": "0cea70f14de21923de38dcc25f88ba045e6780e2",
    "fields": {
      "user": 8,
      "created": "2023-03-15T20:13:11.546Z"
    }
  },
  {
    "model": "authtoken.token",
    "pk": "0d02123c9f82d53de9309a987add4dbf73dc958c",
    "fields": {
      "user": 7,
      "created": "2023-03-15T20:13:11.545Z"
    }
  },
  {
    "model": "authtoken.token",
    "pk": "3663afbb55a97097eb21995c83cd13fd61ea0a97",
    "fields": {
      "user": 4,
      "created": "2023-03-15T20:13:11.543Z"
    }
  },
  {
    "model": "authtoken.token",
    "pk": "7e24a13c639c37c373d23bd98e023581495de6c2",
    "fields": {
      "user": 5,
      "created": "2023-03-15T20:13:11.544Z"
    }
  },
  {
    "model": "authtoken.token",
    "pk": "a81080bce65c8a75ccf62ea1c1687e8a36911b8f",
    "fields": {
      "user": 3,
      "created": "2023-03-15T20:13:11.542Z"
    }
  },
  {
    "model": "authtoken.token",
    "pk": "e2d4634ce6903a77af598dfd7085d035623c9f14",
    "fields": {
      "user": 9,
      "created": "2023-03-15T20:13:11.547Z"
    }
  },
  {
    "model": "authtoken.token",
    "pk": "e344971388e3baa276fcacb8f9e9432d3c807dd0",
    "fields": {
      "user": 6,
      "created": "2023-03-15T20:13:11.544Z"
    }
  },
  {
    "model": "authtoken.token",
    "pk": "e3d133dfe2b32df6088d941bda51377e64c0ccd6",
    "fields": {
      "user": 10,
      "created": "2023-03-15T20:13:11.548Z"
    }
  },
  {
    "model": "authtoken.token",
    "pk": "efac05b50f7d87f414d29c6841700301e268814c",
    "fields": {
      "user": 1,
      "created": "2023-03-15T19:59:14.107Z"
    }
  },
  {
    "model": "authtoken.token",
    "pk": "f984db745bbba0f014ad5420474d3ec1142ebac9",
    "fields": {
      "user": 2,
      "created": "2023-03-15T20:13:11.541Z"
    }
  }
]